article,category,date,source,title,url

,정치,2017.05.01,중앙일보,"""어렵고 힘들다..그리고 외롭다"" 유승민이 남긴 글",http://v.media.daum.net/v/20170501233007993

,정치,2017.05.01,동아일보,"北 김원홍 보위상, 북한군 총정치국 조직부국장으로 이동",http://v.media.daum.net/v/20170501175642896

,정치,2017.05.01,중앙일보,"""대한민국에 가장 필요한 지도자, 아버지 안철수""..설희씨 영상 편지 공개",http://v.media.daum.net/v/20170501231133893

,정치,2017.05.01,동아일보,"文 측 ""투표해야 대통령은 문재인"" 사전투표 독려",http://v.media.daum.net/v/20170501175147748

,정치,2017.05.01,조선일보,"文 ""대선 끝나면 한국당도 협치 대상""..과거 安엔 ""적폐연대"" 비판",http://v.media.daum.net/v/20170501232755979

,정치,2017.05.01,중앙일보,"이준석, 바른정당 집단 탈당 움직임에 ""쫄보""",http://v.media.daum.net/v/20170501223325549

,정치,2017.05.01,동아일보,"사드비용 논란, 윤병세 ""美 주장 방점은 양국간 이뤄진 합의 지킨다는 것""",http://v.media.daum.net/v/20170501172948101

,정치,2017.05.01,조선일보,"유승민,洪-바른정당 심야회동에 ""나 유승민은 끝까지 간다..단일화 안해""",http://v.media.daum.net/v/20170501225233712

,정치,2017.05.01,중앙일보,"홍준표, 바른정당 의원 14명 심야긴급회동",http://v.media.daum.net/v/20170501222624481

,정치,2017.05.01,동아일보,"[대선 주자 오늘의 말말말/5월 1일]홍준표 ""文 피 모으고, 安 광 2개, 洪 홍단으로 난단다""",http://v.media.daum.net/v/20170501170010277

,정치,2017.05.01,조선일보,[한국갤럽] 文 37.7% 安 19.1% 洪 14.9%.. '1강 2중',http://v.media.daum.net/v/20170501223827592

,정치,2017.05.01,중앙일보,"바른정당 김영우 ""상식적이지 않은, 정도가 아닌 탈당""",http://v.media.daum.net/v/20170501221119352

,정치,2017.05.01,동아일보,"유시민 누나 유시춘, '꽃보다 할배' 유세단 합류..전국 돌며 문재인 지원",http://v.media.daum.net/v/20170501155627592

,정치,2017.05.01,조선일보,"바른정당 의원 14명,洪과 심야회동 '후보단일화' 논의..조만간 탈당 후 한국당 복당할 듯",http://v.media.daum.net/v/20170501220416297

,정치,2017.05.01,중앙일보,"미, 오는 3일 핵탄두 탑재 가능한 ICBM 시험발사",http://v.media.daum.net/v/20170501220114277

,정치,2017.05.01,동아일보,[통계뉴스]문재인 앞서고 안철수-홍준표 혼전 양상,http://v.media.daum.net/v/20170501154755316

,정치,2017.05.01,조선일보,"문 ""개성공단, 유엔 대북제재에 없어..'대량현금'은 국제 제재와 보조 맞추면 돼""",http://v.media.daum.net/v/20170501184024820

,정치,2017.05.01,중앙일보,"""바른정당 의원 14명, 자유한국당 합류""..홍준표 지지할듯",http://v.media.daum.net/v/20170501213637072

,정치,2017.05.01,동아일보,"국방부 ""사드 비용 재협상 사안 아냐""..SOFA 조항은 어떻게 규정?",http://v.media.daum.net/v/20170501141815626

,정치,2017.05.01,조선일보,"한국당, '文 아들 취업특혜·盧 640만달러 뇌물·인권결의안 北 사전문의' 의혹 특검법안 발의",http://v.media.daum.net/v/20170501174217486

,정치,2017.05.01,중앙일보,"'文 유세' 나선 김홍걸 ""정권교체 통해 훼손된 아버지 명예 복원""",http://v.media.daum.net/v/20170501204722477

,정치,2017.05.01,동아일보,바른정당 단일화파 홍문표 탈당 시사..유승민에 큰 타격 될 듯,http://v.media.daum.net/v/20170501140754341

,정치,2017.05.01,조선일보,"박근령, 홍준표 지지 선언..""억울한 누명 쓰고 순교한 朴 전 대통령 살려줄 후보는 洪뿐""",http://v.media.daum.net/v/20170501165509137

,정치,2017.05.01,중앙일보,"안철수 측 ""우리는 문재인 아닌 여론조사와 싸우고 있다""",http://v.media.daum.net/v/20170501202113107

,정치,2017.05.01,동아일보,"사드 비용 재협상 가능성..이인제 ""美 부담으로 이미 합의된 일, 흥분할 필요 없어""",http://v.media.daum.net/v/20170501102645976

,정치,2017.05.01,조선일보,"文 ""홍준표 '강성 노조' 운운..자신들의 부패와 무능 노동자에게 덮어씌워""",http://v.media.daum.net/v/20170501165228061

,정치,2017.05.01,중앙일보,"광주 찾은 洪 ""전라도 출신 부인과 40년..10%만 찍어주면 은혜 갚겠다""",http://v.media.daum.net/v/20170501200427896

,정치,2017.05.01,동아일보,"홍준표 ""문재인 상왕은 이해찬..'극우보수 궤멸' 발언, 킬링필드 연상""",http://v.media.daum.net/v/20170501101928747

,정치,2017.05.01,조선일보,박지원 올린 '오또망 사진' 文 조롱 논란..무슨 뜻이길래?,http://v.media.daum.net/v/20170501165014008

,정치,2017.05.01,중앙일보,"문재인 39.3%, 안철수 21.8%, 홍준표 16.5%",http://v.media.daum.net/v/20170501193745526

,정치,2017.05.01,동아일보,[사설]反적폐 對 反패권..'배제의 정치'로 새 정부 시작할 건가,http://v.media.daum.net/v/20170501030329571

,정치,2017.05.01,조선일보,"바른정당 홍문표, ""이미 결심섰다"" 탈당 가능성 시사..이은재에 이어 추가 탈당 현실화하나",http://v.media.daum.net/v/20170501162414281

,정치,2017.05.01,중앙일보,'민주정책통합포럼' 선대위 편제..상임위원장에 조대엽,http://v.media.daum.net/v/20170501192942398

,정치,2017.05.01,동아일보,박근혜 前대통령 5월 2일 공판준비기일 '한변' 변호사 등 3명 추가 선임,http://v.media.daum.net/v/20170501030312538

,정치,2017.05.01,조선일보,"홍준표 ""정리해고는 여야 합의로 만들었는데..통합진보당도 같이 만든 것 아닌가""",http://v.media.daum.net/v/20170501161913165

,정치,2017.05.01,중앙일보,洪 특별유세 부단장? 알고보니..박영수 특검 집 앞에서 '방망이 시위',http://v.media.daum.net/v/20170501191935237

,정치,2017.05.01,동아일보,"이용훈 前대법원장 ""대통령은 수석 청지기.. 지지 안한 국민도 껴안아야""",http://v.media.daum.net/v/20170501030309537

,정치,2017.05.01,조선일보,"""朴 前대통령 사면"" ""건강 나빠졌다더라""..'박근혜 마케팅' 나선 홍준표",http://v.media.daum.net/v/20170501154034075

,정치,2017.05.01,중앙일보,[쓸·정] 대선 재외투표율 '역대 최다'가 우리에게 주는 의미,http://v.media.daum.net/v/20170501191734218

,정치,2017.05.01,동아일보,트럼프 리스크.. 새 한미동맹 전략 세워야,http://v.media.daum.net/v/20170501030308536

,정치,2017.05.01,조선일보,전자상거래 종사자 1000여명 문재인 지지선언,http://v.media.daum.net/v/20170501145424547

,정치,2017.05.01,중앙일보,"문재인 측 ""특검 한다면 수사 대상은 홍준표"" 한국당 文 특검 발의 비난",http://v.media.daum.net/v/20170501190649099

,정치,2017.05.01,동아일보,"차기 정부, 트럼프 행정부와 대화채널 복원.. 윈윈전략 모색을",http://v.media.daum.net/v/20170501030300529

,정치,2017.05.01,조선일보,"安, 민주노총 반발로 전태일 동상 앞 헌화 행사 취소",http://v.media.daum.net/v/20170501141443531

,정치,2017.05.01,조선일보,"""우리 000후보야말로"" 대선 유세 소음, 공사장 소음의 100배",http://v.media.daum.net/v/20170501134200647

